date,site,category,title,url,publish_time,content
20260708,electrive_battery,电池,Nio builds battery research centre in Shanghai,https://www.electrive.com/2026/07/08/nio-builds-battery-research-centre-in-shanghai/,2026-07-08 14:30:00,
20260708,electrive_battery,电池,Tesla launches startup programme for battery cell production in Grünheide,https://www.electrive.com/2026/07/08/tesla-launches-startup-programme-for-battery-cell-production-in-grunheide/,2026-07-08 10:30:00,
20260708,ess_news,储能,"Germany’s BESS offtake volumes up 7% in H1, says Pexapark",https://www.ess-news.com/2026/07/08/germanys-bess-offtake-volumes-up-7-in-h1-says-pexapark/,2026-07-08 14:45:00,
20260708,ess_news,储能,"Serentica Renewables signs PPA for 600 MW/2,400 MWh solar-plus-storage project in India",https://www.ess-news.com/2026/07/08/serentica-renewables-signs-ppa-for-600-mw-2400-mwh-solar-plus-storage-project-in-india/,2026-07-08 13:15:00,
20260708,ess_news,储能,"Hertz 2 BESS begins operation, forming 200 MW storage hub in Estonia",https://www.ess-news.com/2026/07/08/hertz-2-bess-begins-operation-forming-200-mw-storage-complex-in-estonia/,2026-07-08 12:40:00,
20260708,ess_news,储能,US school district to deploy solar-plus-storage microgrid for EV buses,https://www.ess-news.com/2026/07/08/us-school-district-to-deploy-solar-plus-storage-microgrid-for-ev-buses/,2026-07-08 11:45:00,
20260708,ess_news,储能,"Itaipu hydropower plant plans battery storage, floating solar pilot",https://www.ess-news.com/2026/07/08/itaipu-hydropower-plant-plans-battery-storage-floating-solar-pilot/,2026-07-08 11:00:00,
20260708,ess_news,储能,"OX2 adds 290 MW/1,160 MWh battery to 230 MW Victoria solar project",https://www.ess-news.com/2026/07/08/ox2-adds-230-mw-solar-and-battery-project-to-australian-portfolio/,2026-07-08 09:00:00,
20260708,ess_news,储能,Developers advance 171.5 MW/726 MWh of battery storage projects in Spain,https://www.ess-news.com/2026/07/08/developers-advance-171-5-mw-726-mwh-of-battery-storage-projects-in-spain/,2026-07-08 08:15:00,
20260708,hydrogen_tech_world,氢,RAG Austria and ANDRITZ break ground on 12.5 MW green hydrogen plant,https://hydrogentechworld.com/rag-austria-and-andritz-break-ground-on-12-5-mw-green-hydrogen-plant,2026-07-08 07:38:03,
20260708,batteries_news,电池,Talga begins commercial Talnode-C anode sales to Nyobolt in battery milestone,https://batteriesnews.com/talga-begins-commercial-talnode-c-anode-sales-to-nyobolt-in-battery-milestone/,2026-07-08 09:15:13,
20260708,batteries_news,电池,Lyten Signs Exclusive MOU to Progress Acquisition of Northvolt Drei Assets in Germany,https://batteriesnews.com/lyten-signs-exclusive-mou-to-progress-acquisition-of-northvolt-drei-assets-in-germany/,2026-07-08 09:13:54,
20260708,batteries_news,电池,CATL unveils new light commercial vehicle battery that charges to 80% in under 7 minutes,https://batteriesnews.com/catl-unveils-new-light-commercial-vehicle-battery-that-charges-to-80-in-under-7-minutes/,2026-07-08 09:11:06,
20260708,batteries_news,电池,Plastic bottles could find new life in batteries as graphite,https://batteriesnews.com/plastic-bottles-could-find-new-life-in-batteries-as-graphite/,2026-07-08 09:08:31,
20260708,batteries_news,电池,Talga Group and Mitsubishi execute anode supply LOI,https://batteriesnews.com/talga-group-and-mitsubishi-execute-anode-supply-loi/,2026-07-08 09:05:48,
20260708,batteries_news,电池,CamMotive – Partnership with Thermulon for EV Battery Safety Project,https://batteriesnews.com/cammotive-partnership-with-thermulon-for-ev-battery-safety-project/,2026-07-08 08:59:25,
20260708,batteries_news,电池,Physical pressure could make EV batteries last twice as long and reduce environmental impact,https://batteriesnews.com/physical-pressure-could-make-ev-batteries-last-twice-as-long-and-reduce-environmental-impact/,2026-07-08 08:58:34,
20260708,batteries_news,电池,EnergyX Secures $225 Million Strategic Investment from Eni to Advance the Black Giant™ Lithium Project in Chile,https://batteriesnews.com/energyx-secures-225-million-strategic-investment-from-eni-to-advance-the-black-giant-lithium-project-in-chile/,2026-07-08 08:52:24,
20260708,batteries_news,电池,"Envision Energy Partners with Pulse Clean Energy on 310 MWh BESS Project, Advancing Future Energy Systems for Next-Generation UK Energy Storage",https://batteriesnews.com/envision-energy-partners-with-pulse-clean-energy-on-310-mwh-bess-project-advancing-future-energy-systems-for-next-generation-uk-energy-storage/,2026-07-08 08:48:57,
20260708,batteries_news,电池,Eni Storage Systems breaks ground on stationary battery manufacturing plant in Brindisi,https://batteriesnews.com/eni-storage-systems-breaks-ground-on-stationary-battery-manufacturing-plant-in-brindisi/,2026-07-08 08:48:39,
20260708,electrek,新能源,"Volkswagen put 100 sheep to work under 31,000 solar panels",https://electrek.co/2026/07/08/volkswagen-put-100-sheep-to-work-under-31000-solar-panels/,2026-07-08 21:12:34,
20260708,electrek,新能源,Kia’s electric hatch gains AWD and nearly 350 miles of range,https://electrek.co/2026/07/08/kias-electric-hatch-gains-awd-nearly-350-miles-range/,2026-07-08 21:05:20,
20260708,electrek,新能源,What I saw inside Lectron’s EV charger factory in China,https://electrek.co/2026/07/08/i-toured-lectron-factory-in-china-heres-what-i-learned/,2026-07-08 19:33:27,
20260708,electrek,新能源,Sunrun wants to pay you to turn your home into an AI data center,https://electrek.co/2026/07/08/sunrun-wants-to-pay-you-to-turn-your-home-into-an-ai-data-center/,2026-07-08 19:27:36,
20260708,electrek,新能源,Ford admits its $30K midsize EV pickup is actually ‘small’,https://electrek.co/2026/07/08/ford-admits-30k-midsize-ev-pickup-is-small/,2026-07-08 18:41:40,
20260708,electrek,新能源,"China is bringing buttons back to cars, ending trend led by Tesla",https://electrek.co/2026/07/08/china-is-bringing-buttons-back-to-cars-ending-trend-led-by-tesla/,2026-07-08 18:36:37,
20260708,electrek,新能源,"Lectric XP4 750 e-bike gets FREE $498 flash sale cargo bundle, Navee Summer EV Sale, EGO Select Cut + Touch Drive mower $599, more",https://electrek.co/2026/07/08/lectric-xp4-750-e-bike-navee-summer-ev-sale-ego-select-cut-touch-drive-mower-more/,2026-07-08 18:00:00,
20260708,electrek,新能源,Xiaomi makes Sky Nomad official: new EREV brand to take on Li Auto,https://electrek.co/2026/07/08/xiaomi-sky-nomad-erev-brand-official/,2026-07-08 17:44:46,
20260708,electrek,新能源,This $22K EV coupe has a semi-solid-state battery and a ‘Queen’ makeup station in China,https://electrek.co/2026/07/08/22000-ev-semi-solid-state-battery-makeup-station/,2026-07-08 17:32:21,
20260708,electrek,新能源,"BYD’s first pickup goes on sale for $63,000 in the UK, with more EV range than the Ford Ranger",https://electrek.co/2026/07/08/byds-pickup-priced-from-63000-in-uk-with-56-miles-ev-range/,2026-07-08 14:51:36,
20260708,electrek,新能源,"Waymo goes driverless in Las Vegas, with Denver, San Diego, Tampa next",https://electrek.co/2026/07/08/waymo-driverless-las-vegas-four-new-cities/,2026-07-08 14:26:49,
20260708,electrek,新能源,"Tesla leases 683,000 sq ft Austin building in Musk’s Texas sweep",https://electrek.co/2026/07/08/tesla-leases-683000-sqft-austin-industrial-building/,2026-07-08 14:16:26,
20260708,electrek,新能源,Tesla launches ‘Tesla Home’ with Opticaster AI to cut power bills,https://electrek.co/2026/07/08/tesla-home-opticaster-ai-energy-platform/,2026-07-08 13:19:13,
20260708,electrek,新能源,Ariel Rider launches outrageous new MUDD 72V bike with 65 MPH top speed,https://electrek.co/2026/07/08/ariel-rider-launches-outrageous-new-mudd-72v-bike-with-65-mph-top-speed/,2026-07-08 07:00:59,
20260708,scitechdaily,综合科技,A Simple Twist Gives Scientists New Control Over Quantum Light,https://scitechdaily.com/a-simple-twist-gives-scientists-new-control-over-quantum-light/,2026-07-08 23:27:16,
20260708,scitechdaily,综合科技,XRISM Reveals Galaxy-Shaping Winds Erupting From a Supermassive Black Hole,https://scitechdaily.com/xrism-reveals-galaxy-shaping-winds-erupting-from-a-supermassive-black-hole/,2026-07-08 22:52:48,
20260708,scitechdaily,综合科技,A Tiny Chemical Trick Could Lead to Much More Powerful Computer Chips,https://scitechdaily.com/a-tiny-chemical-trick-could-lead-to-much-more-powerful-computer-chips/,2026-07-08 22:17:24,
20260708,scitechdaily,综合科技,These Two Deadly Viruses Can Look Like the Flu at First,https://scitechdaily.com/these-two-deadly-viruses-can-look-like-the-flu-at-first/,2026-07-08 16:20:21,
20260708,scitechdaily,综合科技,Why Some Families Stay Healthy for Decades Longer,https://scitechdaily.com/why-some-families-stay-healthy-for-decades-longer/,2026-07-08 15:45:23,
20260708,scitechdaily,综合科技,New Molecule Restores the Brain’s Natural Defenses Against Alzheimer’s,https://scitechdaily.com/new-molecule-restores-the-brains-natural-defenses-against-alzheimers/,2026-07-08 15:10:22,
20260708,scitechdaily,综合科技,Fractional Fermi Sea: Physicists Discover a New Phase of Matter Beyond Established Theory,https://scitechdaily.com/fractional-fermi-sea-physicists-discover-a-new-phase-of-matter-beyond-established-theory/,2026-07-08 11:48:37,
20260708,scitechdaily,综合科技,Scientists Finally Solved a Decades-Old Mystery About Water in Nanoscale Spaces,https://scitechdaily.com/scientists-finally-solved-a-decades-old-mystery-about-water-in-nanoscale-spaces/,2026-07-08 11:13:41,
20260708,scitechdaily,综合科技,The Milky Way’s Mysterious Glow May Be Dark Matter After All,https://scitechdaily.com/the-milky-ways-mysterious-glow-may-be-dark-matter-after-all/,2026-07-08 10:38:35,
20260708,scitechdaily,综合科技,Could Creatine Boost More Than Muscles? It May Also Help Depression,https://scitechdaily.com/could-creatine-boost-more-than-muscles-it-may-also-help-depression/,2026-07-08 03:26:56,
20260708,scitechdaily,综合科技,New Calculator Reveals Your Real Risk of Statin Side Effects,https://scitechdaily.com/new-calculator-reveals-your-real-risk-of-statin-side-effects/,2026-07-08 02:51:56,
20260708,scitechdaily,综合科技,Scientists Discover a Natural Molecule That Could Help Prevent Vision Loss,https://scitechdaily.com/scientists-discover-a-natural-molecule-that-could-help-prevent-vision-loss/,2026-07-08 02:16:55,
20260708,interesting_engineering,综合科技,New in-memory computing chip promises faster processing with lower energy use,https://interestingengineering.com/innovation/sk-hynix-tetramem-analog-in-memory-computing-chip,2026-07-08 23:28:22,
20260708,interesting_engineering,综合科技,Royal Navy achieves world’s first airborne launch of an uncrewed boat for sea missions,https://interestingengineering.com/military/royal-navy-world-first-uncrewed-boat-airdrop,2026-07-08 23:25:20,
20260708,interesting_engineering,综合科技,UK boosts long-range firepower with 311 miles Precision Strike Missile purchase,https://interestingengineering.com/military/uk-prsm-311-mile-ballistic-missile,2026-07-08 23:18:34,
20260708,interesting_engineering,综合科技,New quantum breakthrough achieves first-known computations of fusion material,https://interestingengineering.com/science/quantum-computers-model-flibe-fusion-fuel-tritium,2026-07-08 22:55:58,
20260708,interesting_engineering,综合科技,World’s largest cargo aircraft moves ahead with advanced flight control integration,https://interestingengineering.com/innovation/worlds-largest-cargo-aircraft-flight-controls-ewis,2026-07-08 22:19:26,
20260708,interesting_engineering,综合科技,"UK plans 600,000-sq-ft campus for Odin nuclear microreactor prototype by 2030",https://interestingengineering.com/energy/uk-odin-nuclear-microreactor-prototype,2026-07-08 21:47:27,
20260708,interesting_engineering,综合科技,Denmark selects P-8A Poseidon aircraft for long-range Arctic submarine hunting,https://interestingengineering.com/military/denmark-boeing-p-8a-aircraft-acquisition,2026-07-08 21:03:44,
20260708,interesting_engineering,综合科技,Huawei claims new chip packs 55% more computing power through smarter design,https://interestingengineering.com/innovation/huawei-kirin-2026-logicfolding-chip-design,2026-07-08 20:04:48,
20260708,interesting_engineering,综合科技,"Russia’s new rifle calibre bullets disintegrate into 3 mid-flight, can hit high-speed drones",https://interestingengineering.com/military/russia-new-rifle-calibre-bullets,2026-07-08 19:37:10,
20260708,cnnpn_domestic,核电国内,国产高温超导仿星器三维模型线圈完成低温通电验证近日，由合肥曦合超导科技有限公司承担制造的先进仿星器高温超导三维模型线圈，在完成绕制成形后，通过真空压力浸渍(VPI)及液氮低温通电测试，降温和通电环节实现一次性成功。该项目由中科院等离子体物理研究所承担的安徽省重点项目及配套项目支持。此次完成验证的线圈，是先进仿星器装置的1:1全尺寸样件，由等离子体所与曦合超导联合开展技术攻关。测试结果显示，线圈在约77K液氮环境下，以419.7A电流通电时，整体电压为2057.6μV;绕制成形及VPI后...2026-07-08,https://www.cnnpn.cn/article/55794.html,2026-07-08 00:00:00,
20260708,cnnpn_domestic,核电国内,投入运行！中核四0四数字化仿真技术激活“数智”引擎澎湃动能随着数字化浪潮与人工智能技术的迅猛发展，数字仿真技术已成为科技创新不可或缺的利器。日前，中核四0四核燃料循环数字化仿真实验室模拟仿真计算平台与数智化展示交流大厅投入运行，标志着中核四0四有效实现设备数字化设计+虚拟试验+工艺工况仿真分析功能集成，大幅提升了实验室的高性能仿真计算能力，为现场设备研发、生产参数优化、工艺故障分析等应用场景提质增效提供了强力支撑。核燃料循环数字化仿真实验室近年来，中核四0四紧扣核燃料循...2026-07-08,https://www.cnnpn.cn/article/55791.html,2026-07-08 00:00:00,
20260708,cnnpn_domestic,核电国内,哈萨克斯坦原子能署与中方讨论核电站建设安全合作据哈萨克斯坦原子能署新闻处消息，哈萨克斯坦原子能署署长阿尔马萨达姆·萨特卡利耶夫近日在访华期间，与中国生态环境部副部长、国家核安全局局长董保同举行会晤，双方围绕核电站建设安全等议题进行了交流。哈萨克斯坦原子能署通报称，会谈重点包括落实两国高层达成的共识，推动两国核安全监管机构合作，并在许可证发放与监管、核电站建设安全保障、人才培养和专家能力建设等方面交流经验。双方还讨论了如何按照国际原子能机构标准，进一步完善原...2026-07-08,https://www.cnnpn.cn/article/55789.html,2026-07-08 00:00:00,
20260708,cnnpn_domestic,核电国内,投入运行！中核四0四数字化仿真技术激活“数智”引擎澎湃动能,https://www.cnnpn.cn/article/55791.html,,
20260708,cnnpn_domestic,核电国内,国产高温超导仿星器三维模型线圈完成低温通电验证,https://www.cnnpn.cn/article/55794.html,,
20260708,cnnpn_domestic,核电国内,哈萨克斯坦原子能署与中方讨论核电站建设安全合作,https://www.cnnpn.cn/article/55789.html,,
20260708,cnnpn_domestic,核电国内,中国核学会核安全分会2026年安全壳响应分析关键问题技术交流会成功召开,https://www.cnnpn.cn/article/55806.html,,
20260708,cnnpn_domestic,核电国内,两会聚焦 | 段旭如委员：我国有望在2050年实现核聚变商用,https://www.cnnpn.cn/article/52214.html,,
20260708,cnnpn_domestic,核电国内,ITER进行时 | 西物院助力国际大科学工程取得关键进展！,https://www.cnnpn.cn/article/55766.html,,
20260708,cnnpn_domestic,核电国内,华东理工大学举办钍基能源前沿科学论坛,https://www.cnnpn.cn/article/55770.html,,
20260708,cnnpn_domestic,核电国内,国家电投湛江核电首批操纵员模拟机培训第一阶段顺利结束,https://www.cnnpn.cn/article/55798.html,,
20260708,cnnpn_domestic,核电国内,中核集团与中国银行签署战略合作协议,https://www.cnnpn.cn/article/55800.html,,
20260708,cnnpn_domestic,核电国内,中山大学中法核学院第三届《核电厂运营与安全》实训在台山核电现场开展,https://www.cnnpn.cn/article/55804.html,,
20260708,cnnpn_domestic,核电国内,纳米比亚总统恩代特瓦到中广核大亚湾核电基地参访,https://www.cnnpn.cn/article/55765.html,,
20260708,cnnpn_domestic,核电国内,不营造“零事件”完美假象，我国以信息公开推动核安全业绩良性循环,https://www.cnnpn.cn/article/55797.html,,
20260708,cnnpn_domestic,核电国内,中电建山东电建三公司中标中广核招远核电项目常规岛及BOP安装工程,https://www.cnnpn.cn/article/55801.html,,
20260708,cnnpn_domestic,核电国内,华能海南昌江核电有限公司圆满完成培训资质评价专项工作,https://www.cnnpn.cn/article/55802.html,,
20260708,cnnpn_domestic,核电国内,华能海南昌江核电有限公司圆满完成培训资质评价专项工作,https://www.cnnpn.cn/article/55803.html,,
20260708,cnnpn_international,核电国外,QBeam Solution牵头韩国66亿韩元磁镜聚变示范装置项目,https://www.cnnpn.cn/article/55779.html,,
20260708,cnnpn_international,核电国外,科技巨头Meta加速核电投资 与Vistra、Oklo和TerraPower达成三项新协议,https://www.cnnpn.cn/article/51137.html,,
20260708,cnnpn_international,核电国外,韩国现代建设与韩国东南电力推进燃煤电厂SMR改造技术,https://www.cnnpn.cn/article/55083.html,,
20260708,cnnpn_international,核电国外,日本与IAEA签署小型模块化反应堆合作备忘录,https://www.cnnpn.cn/article/55207.html,,
20260708,cnnpn_international,核电国外,"韩国""韩光广域辐射防灾指挥中心""成立，强化事故应急响应",https://www.cnnpn.cn/article/55788.html,,
20260708,cnnpn_international,核电国外,Realta Fusion首次演示聚变等离子体动能直接发电,https://www.cnnpn.cn/article/55516.html,,
20260708,cnnpn_international,核电国外,韩国与斯洛伐克签署氢能合作备忘录，聚焦核能制氢,https://www.cnnpn.cn/article/54949.html,,
20260708,cnnpn_international,核电国外,法国弗拉芒维尔核电站发布2025年度报告,https://www.cnnpn.cn/article/55786.html,,
20260708,cnnpn_international,核电国外,布鲁斯电力与 Shawflex 签署12年供货协议,https://www.cnnpn.cn/article/55795.html,,
20260708,cnnpn_international,核电国外,美国能源部转入乏燃料回收示范项目遴选阶段,https://www.cnnpn.cn/article/55796.html,,
20260708,cnnpn_international,核电国外,ITER组织总干事在第三届ITER公私聚变合作论坛上表示：良性竞争有益领域发展，合作共促核聚变 产业前行,https://www.cnnpn.cn/article/53999.html,,
20260708,cnnpn_international,核电国外,菲律宾与AtkinsRéalis探讨民用核能合作，Candu EC6成备选技术之一,https://www.cnnpn.cn/article/55697.html,,
20260708,cnnpn_international,核电国外,塞浦路斯与国际原子能机构签署2026—2031年国家方案框架,https://www.cnnpn.cn/article/55784.html,,
20260708,cnnpn_international,核电国外,Kairos Power在新墨西哥州生产6万颗环形替代燃料球,https://www.cnnpn.cn/article/55293.html,,
20260708,cnnpn_international,核电国外,英国威尔法SMR项目继续推进，GBE-N合同总额接近9亿英镑,https://www.cnnpn.cn/article/55275.html,,
20260708,cpnn_energy,新能源,动力电池产业从“价格竞争”走向“安全竞争”,https://cpnn.com.cn/news/xny/202607/t20260708_1900518.html,2026-07-08 00:00:00,
20260708,cpnn_energy,新能源,动力电池产业从“价格竞争”走向“安全竞争”,http://www.cpnn.com.cn/news/xny/202607/t20260708_1900518.html,2026-07-08 00:00:00,
20260708,cpnn_tech,综合科技,我国首台超临界CO₂车载空调在扬研发成功,https://cpnn.com.cn/news/kj/202607/t20260708_1900622.html,2026-07-08 00:00:00,
20260708,cpnn_tech,综合科技,我国实现生物炭高效规模化制备,https://cpnn.com.cn/news/kj/202607/t20260708_1900621.html,2026-07-08 00:00:00,
20260708,cpnn_tech,综合科技,太阳能电池光电转换率获突破,https://cpnn.com.cn/news/kj/202607/t20260708_1900522.html,2026-07-08 00:00:00,
20260708,cpnn_tech,综合科技,我国首台超临界CO₂车载空调在扬研发成功,http://www.cpnn.com.cn/news/kj/202607/t20260708_1900622.html,2026-07-08 00:00:00,
20260708,cpnn_tech,综合科技,我国实现生物炭高效规模化制备,http://www.cpnn.com.cn/news/kj/202607/t20260708_1900621.html,2026-07-08 00:00:00,
20260708,cpnn_tech,综合科技,太阳能电池光电转换率获突破,http://www.cpnn.com.cn/news/kj/202607/t20260708_1900522.html,2026-07-08 00:00:00,
20260708,sciencenet,综合科技,百岁科学家与江豚“淘淘”共同庆生,https://news.sciencenet.cn/htmlnews/2026/7/567871.shtm,2026-07-08 00:00:00,
20260708,sciencenet,综合科技,新成果有望让卵巢重回年轻态,https://news.sciencenet.cn/htmlnews/2026/7/567869.shtm,2026-07-08 00:00:00,
20260708,sciencenet,综合科技,深海中低频海底底质声学特性原位测量设备研制成功,https://news.sciencenet.cn/htmlnews/2026/7/567858.shtm,2026-07-08 00:00:00,
20260708,sciencenet,综合科技,植物源黄腐酸可助植物细胞壁形成“纳米钢筋”,https://news.sciencenet.cn/htmlnews/2026/7/567855.shtm,2026-07-08 00:00:00,
20260708,sciencenet,综合科技,中国农业大学发布“工耕”农业机器人大模型,https://news.sciencenet.cn/htmlnews/2026/7/567846.shtm,2026-07-08 00:00:00,
20260708,sciencenet,综合科技,“洛神”大模型让灌区拥有“智慧中枢”,https://news.sciencenet.cn/htmlnews/2026/7/567845.shtm,2026-07-08 00:00:00,
20260708,sciencenet,综合科技,非氧化物光热催化平台现甲烷干重整反应高效耐久光热转化,https://news.sciencenet.cn/htmlnews/2026/7/567841.shtm,2026-07-08 00:00:00,
20260708,sciencenet,综合科技,新当选院士走进中国科学院与“两弹一星”纪念馆和高能同步辐射光,https://news.sciencenet.cn/htmlnews/2026/7/567837.shtm,2026-07-08 00:00:00,
20260708,sciencenet,综合科技,碳-14核电池实现全链条自主化突破,https://news.sciencenet.cn/htmlnews/2026/7/567830.shtm,2026-07-08 00:00:00,
20260708,sciencenet,综合科技,世界气象组织：厄尔尼诺可能将持续增强,https://news.sciencenet.cn/htmlnews/2026/7/567828.shtm,2026-07-08 00:00:00,
20260708,xinhua_tech,综合科技,今年我国人形机器人整机产量有望突破10万台,https://www.news.cn/tech/20260708/d1637bc2782c4cb1b2847b28aa799e5d/c.html,2026-07-08 00:00:00,
20260708,xinhua_tech,综合科技,国家发展改革委披露人工智能产业“十五五”五大工作思路,https://www.news.cn/tech/20260708/e547acc13a994087b3fa3f2514fa897d/c.html,2026-07-08 00:00:00,
20260708,xinhua_tech,综合科技,赛迪顾问：加快建设农业强县，筑牢农业强国县域基石,https://www.news.cn/tech/20260708/ec0093a86de5411eafaaf91cb332ce7c/c.html,2026-07-08 00:00:00,
20260708,renewablesnow,新能源,Peak Power starts up 3.6-MW/7.2-MWh BESS at Vuteq Canada factory,https://renewablesnow.com/news/peak-power-starts-up-3-6-mw7-2-mwh-bess-at-vuteq-canada-factory-1297744/,2026-07-08 00:00:00,
20260708,renewablesnow,新能源,British govt says yes to 740-MW One Earth solar project,https://renewablesnow.com/news/british-govt-says-yes-to-740-mw-one-earth-solar-project-1297742/,2026-07-08 00:00:00,
20260708,renewablesnow,新能源,Commenda Capital to help finance DRIFT hydrogen production vessels,https://renewablesnow.com/news/commenda-capital-to-help-finance-drift-hydrogen-production-vessels-1297720/,2026-07-08 00:00:00,
20260708,renewablesnow,新能源,Andritz to build 12.5-MW green H2 plant for RAG Austria,https://renewablesnow.com/news/andritz-to-build-12-5-mw-green-h2-plant-for-rag-austria-1297705/,2026-07-08 00:00:00,
20260708,renewablesnow,新能源,Colombia grants geothermal exploration permit to El Barranquero project,https://renewablesnow.com/news/colombia-grants-geothermal-exploration-permit-to-el-barranquero-project-1297751/,2026-07-08 00:00:00,
20260708,renewablesnow,新能源,"Wales marine energy, offshore wind attract GBP 365m since 2015",https://renewablesnow.com/news/wales-marine-energy-offshore-wind-attract-gbp-365m-since-2015-1297734/,2026-07-08 00:00:00,
20260708,renewablesnow,新能源,Orlen Termika gets co-financing for 45 MWt biomass project in Poland,https://renewablesnow.com/news/orlen-termika-gets-co-financing-for-45-mwt-biomass-project-in-poland-1297729/,2026-07-08 00:00:00,
20260708,renewablesnow,新能源,Cierco wins marine licence for floating wind demonstrator off Wales,https://renewablesnow.com/news/cierco-wins-marine-licence-for-floating-wind-demonstrator-off-wales-1297709/,2026-07-08 00:00:00,
20260708,renewablesnow,新能源,German association urges for quick offshore wind reforms,https://renewablesnow.com/news/german-association-urges-for-quick-offshore-wind-reforms-1297707/,2026-07-08 00:00:00,
20260708,renewablesnow,新能源,Spain grants favourable EIA for floating wind site hosting X1 pilot,https://renewablesnow.com/news/spain-grants-favourable-eia-for-floating-wind-site-hosting-x1-pilot-1297699/,2026-07-08 00:00:00,
20260708,solarbe_tech,光伏,部分分布式光伏项目并网时间存在异议,https://news.solarbe.com/202607/08/50025529.html,2026-07-08 00:00:00,
20260708,solarbe_tech,光伏,科学无国界，光伏结硕果：“现代太阳能之父”马丁·格林教授荣获中华人民共和国国际科学技术合作奖,https://news.solarbe.com/202607/08/50025581.html,2026-07-08 00:00:00,
20260708,solarbe_tech,光伏,越南光伏装了30GW，为什么还在限电？,https://news.solarbe.com/202607/08/50025541.html,2026-07-08 00:00:00,
20260708,solarbe_tech,光伏,CPIA：2025年光伏产业发展整体情况,https://news.solarbe.com/202607/08/50025550.html,2026-07-08 00:00:00,
20260708,solarbe_tech,光伏,尾矿库上“种太阳”，一年节省1800万元,https://news.solarbe.com/202607/08/50025548.html,2026-07-08 00:00:00,
20260708,solarbe_tech,光伏,土地、限电、电价三重压力下，光伏投资热退潮！,https://news.solarbe.com/202607/08/50025537.html,2026-07-08 00:00:00,
20260708,solarbe_tech,光伏,晶科能源新签德国343.79MW飞虎3订单,https://news.solarbe.com/202607/08/50025530.html,2026-07-08 00:00:00,
20260708,solarbe_tech,光伏,又一异质结上市企业签署《预重整投资协议》,https://news.solarbe.com/202607/08/50025547.html,2026-07-08 00:00:00,
20260708,solarbe_tech,光伏,非洲在建最大光储项目全容量并网一次成功,https://news.solarbe.com/202607/08/50025549.html,2026-07-08 00:00:00,
20260708,solarbe_tech,光伏,大唐陕西100MW光伏项目环评公示,https://news.solarbe.com/202607/08/50025542.html,2026-07-08 00:00:00,
20260708,solarbe_tech,光伏,大理凤仪机场分布式光伏项目顺利并网发电,https://news.solarbe.com/202607/08/50025532.html,2026-07-08 00:00:00,
20260708,solarbe_tech,光伏,AI+能源，从云端走向现场：能源AI边缘智能技术沙龙在京圆满举办,https://news.solarbe.com/202607/08/50025582.html,2026-07-08 00:00:00,
20260708,tgs4c,综合科技,Ørsted says Offshore Wind remains cost competitive despite system costs,https://www.tgs4c.com/news/ørsted-says-offshore-wind-remains-cost-competitive-despite-system-costs-nid33043.html,2026-07-08 00:00:00,
20260708,tgs4c,综合科技,OWC and APEM Group have signed MoU to support offshore wind decommissioning,https://www.tgs4c.com/news/owc-and-apem-group-have-signed-mou-to-support-offshore-wind-decommissioning-nid33042.html,2026-07-08 00:00:00,
20260708,tgs4c,综合科技,Vietnam Introduces New Offshore Wind Framework Under Decree 272/2026,https://www.tgs4c.com/news/vietnam-introduces-new-offshore-wind-framework-under-decree-272-2026-nid33041.html,2026-07-08 00:00:00,
20260708,china_nengyuan,新能源,秸秆'上身穿'，RNA农药首'上岗'……上海,http://www.china-nengyuan.com/news/251536.html,,
20260708,china_nengyuan,新能源,科学家在昌平丨打一场造福人类的'废料,http://www.china-nengyuan.com/news/251535.html,,
20260708,china_nengyuan,新能源,黄河公司两座储能电站同日投运,http://www.china-nengyuan.com/news/251534.html,,
20260708,china_nengyuan,新能源,滨州市人大常委会副主任、教科文卫委主,http://www.china-nengyuan.com/news/251532.html,,
20260708,china_nengyuan,新能源,长丰县委书记李孝鸿调研新型储能产业发,http://www.china-nengyuan.com/news/251531.html,,
20260708,china_nengyuan,新能源,赛唯再签57台台区储能，助力电网平稳运,http://www.china-nengyuan.com/news/251527.html,,
20260708,china_nengyuan,新能源,中国新能源汽车正加速驶入澳大利亚市场,http://www.china-nengyuan.com/news/251521.html,,
20260708,china_nengyuan,新能源,美国斯迪尔河光储项目完成35亿美元融资,http://www.china-nengyuan.com/news/251489.html,,
20260708,china_nengyuan,新能源,着眼打造非洲'绿氢枢纽'--纳米比亚积极,http://www.china-nengyuan.com/news/251477.html,,
20260708,china_nengyuan,新能源,中国石化签约乌兹别克斯坦首个全产业链,http://www.china-nengyuan.com/news/251452.html,,
20260708,china_nengyuan,新能源,德媒：德国电动汽车因补贴刺激销量猛增,http://www.china-nengyuan.com/news/251437.html,,
20260708,china_nengyuan,新能源,两部门重磅发布《新型能源体系建设'十五五'规划》,http://www.china-nengyuan.com/news/250619.html,,
20260708,china_nengyuan,新能源,我国绿证全生命周期管理机制进一步,http://www.china-nengyuan.com/news/240778.html,,
20260708,china_nengyuan,新能源,工信部等五部门组织征集智能光伏典,http://www.china-nengyuan.com/news/239636.html,,
20260708,china_nengyuan,新能源,储能'反内卷'启动！融科储能领衔19,http://www.china-nengyuan.com/news/239583.html,,
20260708,china_nengyuan,新能源,中国领衔！2030年绿色经济年产值将,http://www.china-nengyuan.com/news/238728.html,,
20260708,china_nengyuan,新能源,同比猛增41%！中国一季度新增储能装机27.1GWh，独立储能成为主力,http://www.china-nengyuan.com/news/249985.html,,
20260708,china_nengyuan,新能源,促进压缩空气储能、二氧化碳储能、,http://www.china-nengyuan.com/news/237881.html,,
20260708,china_nengyuan,新能源,国家能源局关于促进新能源集成融合,http://www.china-nengyuan.com/news/237163.html,,
20260708,china_nengyuan,新能源,国家发展改革委 国家能源局关于促,http://www.china-nengyuan.com/news/236981.html,,
20260708,china_nengyuan,新能源,碳达峰碳中和的中国行动,http://www.china-nengyuan.com/news/236913.html,,
20260708,china_nengyuan,新能源,关于开展重点行业节能降碳改造攻坚三年行动的通知,http://www.china-nengyuan.com/news/249924.html,,
20260708,china_nengyuan,新能源,129家！工信部正式公布符合《光伏,http://www.china-nengyuan.com/news/236303.html,,
20260708,china_nengyuan,新能源,《节能降碳中央预算内投资专项管理,http://www.china-nengyuan.com/news/235277.html,,
20260708,china_nengyuan,新能源,商务部：决定对稀土相关技术实施出,http://www.china-nengyuan.com/news/234848.html,,
20260708,china_nengyuan,新能源,工业和信息化部等八部门关于印发《,http://www.china-nengyuan.com/news/233784.html,,
20260708,china_nengyuan,新能源,AIDC高压直流供电全产业链拆解,http://www.china-nengyuan.com/news/251377.html,,
20260708,china_nengyuan,新能源,算电协同赛道全面爆发，绿电直,http://www.china-nengyuan.com/news/251198.html,,
20260708,china_nengyuan,新能源,阳光电源敲定7月9日发布商用SS,http://www.china-nengyuan.com/news/251100.html,,
20260708,china_nengyuan,新能源,2026上半年十家龙头算电布局盘,http://www.china-nengyuan.com/news/251103.html,,
20260708,china_nengyuan,新能源,800V高压直流+SST固态变压器双,http://www.china-nengyuan.com/news/251199.html,,
20260708,china_nengyuan,新能源,美国逆变器进口传闻引发阳光电,http://www.china-nengyuan.com/news/251017.html,,
20260708,china_nengyuan,新能源,国内首座算力SST直流供电商用,http://www.china-nengyuan.com/news/251101.html,,
20260708,china_nengyuan,新能源,全球生物质能源网改版公告,http://www.china-nengyuan.com/news/230690.html,,
20260708,china_nengyuan,新能源,全球首部液流电池百科全书—《中国液,http://www.china-nengyuan.com/news/210064.html,,
20260708,china_nengyuan,新能源,【重要】《中国氢能产业大全 2023-冬,http://www.china-nengyuan.com/news/192299.html,,
20260708,china_nengyuan,新能源,《氢能产业大全 2020》正式发布！,http://www.china-nengyuan.com/news/160270.html,,
20260708,china_nengyuan,新能源,空中客车与MTU航空发动机拟成立全电动氢燃料,http://www.china-nengyuan.com/news/251538.html,,
20260708,china_nengyuan,新能源,牛津郡推出首辆双燃料氢能公路养护车辆,http://www.china-nengyuan.com/news/251537.html,,
20260708,china_nengyuan,新能源,凝心聚力 笃定前行丨振芯科技一季度经营分析,http://www.china-nengyuan.com/news/251533.html,,
20260708,china_nengyuan,新能源,YJC与尼日利亚客户签署战略合作：储能+新能源,http://www.china-nengyuan.com/news/251528.html,,
20260708,china_nengyuan,新能源,喜报｜合肥德博荣获国家科技进步二等奖 硬核,http://www.china-nengyuan.com/news/251524.html,,
20260708,china_nengyuan,新能源,5GWh！楚能新能源与丹麦KK Group达成储能战略,http://www.china-nengyuan.com/news/251522.html,,
20260708,china_nengyuan,新能源,工艺突破｜我司TC10高温高强钛棒实现批量稳定,http://www.china-nengyuan.com/news/251517.html,,
20260708,china_nengyuan,新能源,Seaspan与马士基通过战略船舶升级计划提高船,http://www.china-nengyuan.com/news/251514.html,,
20260708,china_nengyuan,新能源,Kinetics开始建造其首个高容量FSRU,http://www.china-nengyuan.com/news/251513.html,,
20260708,china_nengyuan,新能源,Sheikh私人事务部投资MidOcean Energy，并与E,http://www.china-nengyuan.com/news/251510.html,,
20260708,china_nengyuan,新能源,从精密共融到人才共育 蔡司携手宇瞳光学共建,http://www.china-nengyuan.com/news/251509.html,,
20260708,china_nengyuan,新能源,ADNOC签署最终协议，收购Shell Downstream So,http://www.china-nengyuan.com/news/251505.html,,
20260708,china_nengyuan,新能源,伊藤忠商事与Peninsula Petroleum推出氨燃料,http://www.china-nengyuan.com/news/251500.html,,
20260708,china_nengyuan,新能源,Quaise Energy完成1.34亿美元B轮首期融资 将,http://www.china-nengyuan.com/news/251498.html,,
20260708,china_nengyuan,新能源,为表后供电：LNG与工艺安全如何应对数字,http://www.china-nengyuan.com/news/251461.html,,
20260708,china_nengyuan,新能源,研报：2025年可再生能源减少了4800亿美元,http://www.china-nengyuan.com/news/251359.html,,
20260708,china_nengyuan,新能源,深入：为什么企业自营数据中心在AI时代仍,http://www.china-nengyuan.com/news/251174.html,,
20260708,china_nengyuan,新能源,卡特彼勒：扩展数据中心现场发电容量，超,http://www.china-nengyuan.com/news/251092.html,,
20260708,china_nengyuan,新能源,如何正确理解光伏装机容量大幅下跌？,http://www.china-nengyuan.com/news/251041.html,,
20260708,china_nengyuan,新能源,更快的电池储能建设可在2035年前为德国消,http://www.china-nengyuan.com/news/250919.html,,
20260708,china_nengyuan,新能源,研报：可再生能源加速发展，中国电网可靠,http://www.china-nengyuan.com/news/250910.html,,
20260708,china_nengyuan,新能源,电力与冷却回路融合！下一代数据中心效率,http://www.china-nengyuan.com/news/250829.html,,
20260708,china_nengyuan,新能源,警告！电网输送能力可能限制AI时代的电力,http://www.china-nengyuan.com/news/250711.html,,
20260708,china_nengyuan,新能源,深入：数据中心蒸发冷却，为何行业迟迟不,http://www.china-nengyuan.com/news/250536.html,,
20260708,china_nengyuan,新能源,综述：电池储能向数据中心靠近，但挑战依,http://www.china-nengyuan.com/news/250444.html,,
20260708,china_nengyuan,新能源,深入：数据中心能否抛弃混凝土，或是仅仅,http://www.china-nengyuan.com/news/250263.html,,
20260708,china_nengyuan,新能源,从电网约束到现场解决方案：数据中心电力,http://www.china-nengyuan.com/news/250249.html,,
20260708,china_nengyuan,新能源,每GW年节省1.5亿欧元！长时储能在欧洲取,http://www.china-nengyuan.com/news/250186.html,,
20260708,china_nengyuan,新能源,综述：氢能的障碍与燃料电池在数据中心领,http://www.china-nengyuan.com/news/250168.html,,
20260708,china_nengyuan,新能源,中东能源中断刺激亚洲煤炭需求激增,http://www.china-nengyuan.com/news/250159.html,,
20260708,china_nengyuan,新能源,数据中心推动！2030年东南亚绿色经济将达,http://www.china-nengyuan.com/news/250078.html,,
20260708,china_nengyuan,新能源,中国工程院院士钱锋：让退役储能锂电池变身'资,http://www.china-nengyuan.com/news/243852.html,,
20260708,china_nengyuan,新能源,材料科学家陈立泉：在能源电池赛道一生长跑,http://www.china-nengyuan.com/news/251398.html,,
20260708,china_nengyuan,新能源,汪忠海：深耕氢能轨道交通大有可为,http://www.china-nengyuan.com/news/250687.html,,
20260708,china_nengyuan,新能源,中国工程院院士、华东理工大学教授涂善东：',http://www.china-nengyuan.com/news/249545.html,,
20260708,china_nengyuan,新能源,秦海岩：以政策打开市场空间，以市场打破技术,http://www.china-nengyuan.com/news/247451.html,,
20260708,china_nengyuan,新能源,海博思创张剑辉：算电协同正成为储能应用重要,http://www.china-nengyuan.com/news/247091.html,,
20260708,china_nengyuan,新能源,潘文鼎｜发力电池新赛道 闯出储能新未来,http://www.china-nengyuan.com/news/246497.html,,
20260708,china_nengyuan,新能源,五矿证券研究所新能源首席分析师张斯恺：储能,http://www.china-nengyuan.com/news/246114.html,,
20260708,china_nengyuan,新能源,阳光电源光储集团中国区副总裁李金虎：交付不,http://www.china-nengyuan.com/news/246037.html,,
20260708,china_nengyuan,新能源,中国绿发投资集团有限公司北京绿发科技分公司,http://www.china-nengyuan.com/news/246036.html,,
20260708,china_nengyuan,新能源,海博思创副总裁湛晓林：'储能+X'驱动多场景能,http://www.china-nengyuan.com/news/246035.html,,
20260708,china_nengyuan,新能源,远景能源储能产品总工程师徐中华：让储能从',http://www.china-nengyuan.com/news/246034.html,,
20260708,china_nengyuan,新能源,中储国能（北京）技术有限公司市场总监郭少峰,http://www.china-nengyuan.com/news/246024.html,,
20260708,china_nengyuan,新能源,北京华科储能科技有限公司（中国华电科工集团,http://www.china-nengyuan.com/news/246023.html,,
20260708,china_nengyuan,新能源,国能信控公司副总经理张传升：智控助储能更加,http://www.china-nengyuan.com/news/246022.html,,
20260708,china_nengyuan,新能源,165元/kW·年，净负荷高峰持续时长暂定为6小时！,http://www.china-nengyuan.com/news/251368.html,,
20260708,china_nengyuan,新能源,财政部等三部门：自2027年1月1日起，取消对节,http://www.china-nengyuan.com/news/251181.html,,
20260708,china_nengyuan,新能源,十部门：加快电动化和绿色燃料车船应用，打造,http://www.china-nengyuan.com/news/251036.html,,
20260708,china_nengyuan,新能源,深圳：对在深圳水域开展的绿色甲醇加注，按照,http://www.china-nengyuan.com/news/250854.html,,
20260708,china_nengyuan,新能源,国家能源局综合司关于组织开展地热能高质量开,http://www.china-nengyuan.com/news/250458.html,,
20260708,china_nengyuan,新能源,国家能源局：推进离网型、绿电直连等可再生能,http://www.china-nengyuan.com/news/250440.html,,
20260708,china_nengyuan,新能源,商务部等9部门：发挥新能源汽车产业发展优势,http://www.china-nengyuan.com/news/250410.html,,
20260708,china_nengyuan,新能源,四部门：可对企业消费可再生能源制氢氨醇情况,http://www.china-nengyuan.com/news/250380.html,,
20260708,china_nengyuan,新能源,包头市：首批78个应用场景面向全国'揭榜挂帅',http://www.china-nengyuan.com/news/249912.html,,
20260708,china_nengyuan,新能源,11部门重磅发布新政！引导在重点场景科学布局,http://www.china-nengyuan.com/news/249911.html,,
20260708,china_nengyuan,新能源,新建33座+储备12座！江门市征求加氢站规划意,http://www.china-nengyuan.com/news/249828.html,,
20260708,china_nengyuan,新能源,工信部：构建'枢纽—区域—边缘'三级节点协同的,http://www.china-nengyuan.com/news/249807.html,,
20260708,china_nengyuan,新能源,上能电气顺利供货阿尔及利亚多个光伏电站,http://www.china-nengyuan.com/news/251429.html,,
20260708,china_nengyuan,新能源,宁夏电网新能源发电光伏发电双双创新高,http://www.china-nengyuan.com/news/251518.html,,
20260708,china_nengyuan,新能源,中车时代电气核心参与的光伏能效国家标准正式发布,http://www.china-nengyuan.com/news/251516.html,,
20260708,china_nengyuan,新能源,黑晶光电推进叠层光伏产业化验证,http://www.china-nengyuan.com/news/251515.html,,
20260708,china_nengyuan,新能源,苏丹研讨会聚焦太阳能微电网建设 助力偏远地区可持,http://www.china-nengyuan.com/news/251488.html,,
20260708,china_nengyuan,新能源,玉门油田300兆瓦光伏项目整体工程形象进度超过55%,http://www.china-nengyuan.com/news/251436.html,,
20260708,china_nengyuan,新能源,科学无国界，光伏结硕果：现代太阳能之父马丁·格林,http://www.china-nengyuan.com/news/251435.html,,
20260708,china_nengyuan,新能源,大唐锡林浩特发电公司3.38兆瓦厂内分布式光伏项目全,http://www.china-nengyuan.com/news/251432.html,,
20260708,china_nengyuan,新能源,天津滨海光伏项目全容量并网投运！,http://www.china-nengyuan.com/news/251427.html,,
20260708,china_nengyuan,新能源,市场监管总局：筑牢氢储运特种设备安全防线,http://www.china-nengyuan.com/news/251485.html,,
20260708,china_nengyuan,新能源,广东'氢风'加速吹入街头巷尾,http://www.china-nengyuan.com/news/251484.html,,
20260708,china_nengyuan,新能源,瀚氢动力完成数千万元A++轮融资，合肥三大国资平台,http://www.china-nengyuan.com/news/251483.html,,
20260708,china_nengyuan,新能源,杭氧股份携手海力化工布局淄博氢能项目,http://www.china-nengyuan.com/news/251482.html,,
20260708,china_nengyuan,新能源,成都发布氢能装备场景应用平台，让产业链精准对接、,http://www.china-nengyuan.com/news/251481.html,,
20260708,china_nengyuan,新能源,亚马逊投资GranBio以推进林业和建筑废弃物生产SAF,http://www.china-nengyuan.com/news/251464.html,,
20260708,china_nengyuan,新能源,农林废弃物变'黑金'：我国实现生物炭高效规模化制备,http://www.china-nengyuan.com/news/251458.html,,
20260708,china_nengyuan,新能源,海伦市委书记侯绍波深入国投先进生物质燃料（海伦）,http://www.china-nengyuan.com/news/251454.html,,
20260708,china_nengyuan,新能源,生物质气化装备成功案例+1！中裕能源旗下广东宝杰再,http://www.china-nengyuan.com/news/251453.html,,
20260708,china_nengyuan,新能源,云南方大钒钛：党建引领 全力打造西南钒钛新材料产,http://www.china-nengyuan.com/news/251463.html,,
20260708,china_nengyuan,新能源,湖州市委副书记、市长连坤明莅临超钠新能源调研指导,http://www.china-nengyuan.com/news/251336.html,,
20260708,china_nengyuan,新能源,抢占新材料制高点，这家研究所有个'红色引擎',http://www.china-nengyuan.com/news/251124.html,,
20260708,china_nengyuan,新能源,投资3.9亿元！湖北好电科技有限公司锂离子电池功能,http://www.china-nengyuan.com/news/250986.html,,
20260708,china_nengyuan,新能源,向新向绿向未来 '至诚山东'走进烟台经开区解码储能,http://www.china-nengyuan.com/news/250953.html,,
20260708,china_nengyuan,新能源,政企赋能促发展，吉安市政协主席肖玉兰莅临江西杜科,http://www.china-nengyuan.com/news/250917.html,,
20260708,china_nengyuan,新能源,蓬溪县政协靶向调研新材料集群 赋能储能产业加速突,http://www.china-nengyuan.com/news/250797.html,,
20260708,china_nengyuan,新能源,2025年中国的煤炭使用量零增长，太阳能和风能的,http://www.china-nengyuan.com/news/251085.html,,
20260708,china_nengyuan,新能源,全球最大海上风电柔直工程核心设备启航 每年可送粤6,http://www.china-nengyuan.com/news/251440.html,,
20260708,china_nengyuan,新能源,智慧航保助'福建造'风电设备远航,http://www.china-nengyuan.com/news/251439.html,,
20260708,china_nengyuan,新能源,润邦海洋以规模化交付能力服务全球绿色能源发展,http://www.china-nengyuan.com/news/251319.html,,
20260708,china_nengyuan,新能源,时代新材签署叶片销售合同，含税总金额达30.34亿元,http://www.china-nengyuan.com/news/251237.html,,
20260708,china_nengyuan,新能源,驶向深远海 海上风电'亿千瓦'目标下的远景答卷,http://www.china-nengyuan.com/news/251134.html,,
20260708,china_nengyuan,新能源,西门子能源首次与德国船厂合作建设2 GW海上换流平台,http://www.china-nengyuan.com/news/250900.html,,
20260708,china_nengyuan,新能源,工信部、商务部等五部门联合启动2026年新能源汽,http://www.china-nengyuan.com/news/250701.html,,
20260708,china_nengyuan,新能源,今年上半年新能源汽车市场稳定增长,http://www.china-nengyuan.com/news/251520.html,,
20260708,china_nengyuan,新能源,比亚迪下线第1700万辆新能源汽车，海豹08让百万体验,http://www.china-nengyuan.com/news/251519.html,,
20260708,china_nengyuan,新能源,新能源汽车该'减肥'了,http://www.china-nengyuan.com/news/251405.html,,
20260708,china_nengyuan,新能源,中国车企欧洲市场份额首超日本，超半数新能源汽车相,http://www.china-nengyuan.com/news/251352.html,,
20260708,china_nengyuan,新能源,'十五五'提高新能源汽车比重，能否助力美丽中国建设,http://www.china-nengyuan.com/news/251351.html,,
20260708,china_nengyuan,新能源,比亚迪挑战日本微型车市场，电动汽车理念扎根日本,http://www.china-nengyuan.com/news/251255.html,,
20260708,china_nengyuan,新能源,喜报！卧龙威俊电网侧独立储能示范项目成功并网,http://www.china-nengyuan.com/news/251497.html,,
20260708,china_nengyuan,新能源,扎兰屯市岭东500千伏独立储能项目招标落地,http://www.china-nengyuan.com/news/251495.html,,
20260708,china_nengyuan,新能源,Lhyfe新增10辆IV型管束拖车，加强欧洲绿色和可,http://www.china-nengyuan.com/news/251419.html,,
20260708,china_nengyuan,新能源,不再盲目扩产！氢能企业集体收缩布局，背后原因曝光,http://www.china-nengyuan.com/news/251480.html,,
20260708,china_nengyuan,新能源,田湾核电基地累计上网电量超5000亿千瓦时,http://www.china-nengyuan.com/news/251441.html,,
20260708,china_nengyuan,新能源,2025年全球水电达到创纪录的4437TWh,http://www.china-nengyuan.com/news/247093.html,,
20260708,china_nengyuan,新能源,2025年全球风力发电量达到2715TWh，,http://www.china-nengyuan.com/news/246825.html,,
20260708,china_nengyuan,新能源,2025年太阳能发电量在全球范围内首次,http://www.china-nengyuan.com/news/246824.html,,
20260708,china_nengyuan,新能源,中国连续10年引领增长！2025年全球电,http://www.china-nengyuan.com/news/246823.html,,
20260708,china_nengyuan,新能源,2025年全球可再生能源装机达到创纪录,http://www.china-nengyuan.com/news/246166.html,,
20260708,china_nengyuan,新能源,美国储能装机量在2025年达到创纪录的,http://www.china-nengyuan.com/news/245051.html,,
20260708,china_nengyuan,新能源,2025年美国木屑颗粒出口量突破1009万,http://www.china-nengyuan.com/news/243299.html,,
20260708,china_nengyuan,新能源,2025全球氢燃料电池车市场回升，但仅,http://www.china-nengyuan.com/news/242800.html,,
20260708,china_nengyuan,新能源,从过剩转向紧张！2025年储能电芯出货,http://www.china-nengyuan.com/news/242737.html,,
20260708,china_nengyuan,新能源,独立储能成为主导！中国2025年新增66,http://www.china-nengyuan.com/news/242236.html,,
20260708,china_nengyuan,新能源,2025年：数据中心投资超越光伏！能源,http://www.china-nengyuan.com/news/241819.html,,
20260708,china_nengyuan,新能源,IRENA：全球可再生能源就业增长放缓,http://www.china-nengyuan.com/news/241804.html,,
20260708,china_nengyuan,新能源,液冷服务器概念涨1.86%，主力资金净,http://www.china-nengyuan.com/news/231159.html,,
20260708,china_nengyuan,新能源,平安银行：谱写绿色金融大文章 实现,http://www.china-nengyuan.com/news/215889.html,,
20260708,china_nengyuan,新能源,钒钛股份业绩短期承压，静待液流电池,http://www.china-nengyuan.com/news/209132.html,,
20260708,china_nengyuan,新能源,海优新材定增11.36亿元获批 光伏胶膜,http://www.china-nengyuan.com/news/197900.html,,
20260708,china_nengyuan,新能源,阿布扎比全球市场实施可持续金融监管,http://www.china-nengyuan.com/news/197467.html,,
20260708,china_nengyuan,新能源,固态电池技术获重大突破 机构密集调,http://www.china-nengyuan.com/news/197465.html,,
20260708,china_nengyuan,新能源,10只氢能源概念股涨停 板块有望进入,http://www.china-nengyuan.com/news/197122.html,,
20260708,china_nengyuan,新能源,多家上市公司大手笔押注新能源电池及,http://www.china-nengyuan.com/news/196019.html,,
20260708,china_nengyuan,新能源,「氢新科技」小型化高温质子交换膜燃,http://www.china-nengyuan.com/news/195813.html,,
20260708,china_nengyuan,新能源,福氢氢能完成天使轮融资，专注质子交,http://www.china-nengyuan.com/news/195812.html,,
20260708,china_nengyuan,新能源,Irena：德国、荷兰和瑞典光伏电站资,http://www.china-nengyuan.com/news/194943.html,,
20260708,china_nengyuan,新能源,18家公司预报一季度业绩 光伏产业链,http://www.china-nengyuan.com/news/192729.html,,
20260708,china_nengyuan,新能源,2022年光伏行业总产值突破1.4万亿元,http://www.china-nengyuan.com/news/191792.html,,
20260708,china_nengyuan,新能源,氢能源概念表现抢眼 两公司回应相关,http://www.china-nengyuan.com/news/191650.html,,
